pid,utime,stime,priority,mem_usage,process_type
0,0.0,0.0,0,0,False
1,0.0,0.0,0,0,False
505,0.0,0.0,0,0,False
506,0.0,0.0,0,0,False
507,0.0,0.0,0,0,False
509,0.0,0.0,0,0,False
510,0.0,0.0,0,0,False
513,0.0,0.0,0,0,False
516,0.0,0.0,0,0,False
517,0.0,0.0,0,0,False
518,0.0,0.0,0,0,False
519,0.0,0.0,0,0,False
521,0.0,0.0,0,0,False
523,0.0,0.0,0,0,False
525,0.0,0.0,0,0,False
526,0.0,0.0,0,0,False
528,0.0,0.0,0,0,False
532,0.0,0.0,0,0,False
533,0.0,0.0,0,0,False
534,0.0,0.0,0,0,False
535,0.0,0.0,0,0,False
538,0.0,0.0,0,0,False
539,0.0,0.0,0,0,False
542,0.0,0.0,0,0,False
543,0.0,0.0,0,0,False
545,0.0,0.0,0,0,False
546,0.0,0.0,0,0,False
547,0.0,0.0,0,0,False
548,0.0,0.0,0,0,False
549,0.0,0.0,0,0,False
552,0.0,0.0,0,0,False
554,0.0,0.0,0,0,False
555,0.0,0.0,0,0,False
557,0.0,0.0,0,0,False
558,0.0,0.0,0,0,False
560,0.0,0.0,0,0,False
561,0.0,0.0,0,0,False
562,0.0,0.0,0,0,False
563,0.0,0.0,0,0,False
564,0.0,0.0,0,0,False
567,0.0,0.0,0,0,False
568,0.0,0.0,0,0,False
569,0.0,0.0,0,0,False
570,0.0,0.0,0,0,False
571,0.0,0.0,0,0,False
572,0.0,0.0,0,0,False
573,0.0,0.0,0,0,False
574,0.0,0.0,0,0,False
575,0.0,0.0,0,0,False
576,0.0,0.0,0,0,False
577,27.04548864,14.876032,0,28409856,True
579,0.0,0.0,0,0,False
580,0.0,0.0,0,0,False
581,0.0,0.0,0,0,False
582,0.0,0.0,0,0,False
583,0.0,0.0,0,0,False
584,0.0,0.0,0,0,False
587,0.0,0.0,0,0,False
588,0.0,0.0,0,0,False
589,0.0,0.0,0,0,False
590,0.0,0.0,0,0,False
591,0.0,0.0,0,0,False
592,0.0,0.0,0,0,False
593,0.0,0.0,0,0,False
594,0.0,0.0,0,0,False
596,0.0,0.0,0,0,False
597,0.0,0.0,0,0,False
598,0.0,0.0,0,0,False
599,0.0,0.0,0,0,False
600,0.0,0.0,0,0,False
601,0.0,0.0,0,0,False
602,0.0,0.0,0,0,False
604,0.0,0.0,0,0,False
606,0.0,0.0,0,0,False
610,0.0,0.0,0,0,False
613,0.0,0.0,0,0,False
615,0.0,0.0,0,0,False
616,0.0,0.0,0,0,False
617,0.0,0.0,0,0,False
618,0.0,0.0,0,0,False
620,0.0,0.0,0,0,False
623,0.0,0.0,0,0,False
624,0.0,0.0,0,0,False
625,0.0,0.0,0,0,False
626,0.0,0.0,0,0,False
628,0.0,0.0,0,0,False
629,0.0,0.0,0,0,False
630,0.0,0.0,0,0,False
632,0.0,0.0,0,0,False
633,0.0,0.0,0,0,False
636,0.0,0.0,0,0,False
638,0.0,0.0,0,0,False
639,0.0,0.0,0,0,False
640,0.0,0.0,0,0,False
641,0.0,0.0,0,0,False
642,0.0,0.0,0,0,False
643,0.0,0.0,0,0,False
644,0.0,0.0,0,0,False
645,0.0,0.0,0,0,False
650,0.0,0.0,0,0,False
652,0.0,0.0,0,0,False
653,0.0,0.0,0,0,False
654,0.0,0.0,0,0,False
655,0.0,0.0,0,0,False
656,0.0,0.0,0,0,False
657,0.0,0.0,0,0,False
658,0.0,0.0,0,0,False
659,0.0,0.0,0,0,False
660,0.0,0.0,0,0,False
661,0.0,0.0,0,0,False
662,0.0,0.0,0,0,False
663,0.0,0.0,0,0,False
664,0.0,0.0,0,0,False
665,0.0,0.0,0,0,False
674,0.0,0.0,0,0,False
675,0.0,0.0,0,0,False
683,0.0,0.0,0,0,False
684,0.0,0.0,0,0,False
685,0.0,0.0,0,0,False
686,0.0,0.0,0,0,False
688,0.0,0.0,0,0,False
689,0.0,0.0,0,0,False
690,0.0,0.0,0,0,False
692,0.0,0.0,0,0,False
695,0.0,0.0,0,0,False
696,0.0,0.0,0,0,False
697,0.0,0.0,0,0,False
698,0.0,0.0,0,0,False
701,0.0,0.0,0,0,False
702,0.0,0.0,0,0,False
703,0.0,0.0,0,0,False
705,0.0,0.0,0,0,False
707,0.0,0.0,0,0,False
717,0.0,0.0,0,0,False
718,0.0,0.0,0,0,False
720,0.0,0.0,0,0,False
722,0.0,0.0,0,0,False
723,0.0,0.0,0,0,False
724,0.0,0.0,0,0,False
725,0.0,0.0,0,0,False
726,0.0,0.0,0,0,False
729,0.0,0.0,0,0,False
730,0.0,0.0,0,0,False
759,0.0,0.0,0,0,False
771,0.0,0.0,0,0,False
772,0.0,0.0,0,0,False
773,0.0,0.0,0,0,False
774,0.0,0.0,0,0,False
776,0.0,0.0,0,0,False
777,0.0,0.0,0,0,False
778,0.0,0.0,0,0,False
780,0.0,0.0,0,0,False
791,0.0,0.0,0,0,False
796,0.0,0.0,0,0,False
798,0.0,0.0,0,0,False
802,0.0,0.0,0,0,False
803,0.0,0.0,0,0,False
804,43.057414144,7.633785344,0,4767744,True
805,37.649293312,36.317315072,0,4767744,True
806,0.0,0.0,0,0,False
807,0.0,0.0,0,0,False
808,0.0,0.0,0,0,False
810,51.194363904,16.840214528,0,16793600,True
811,24.316440576,8.276017664,0,8241152,True
812,0.0,0.0,0,0,False
813,0.0,0.0,0,0,False
814,36.991512576,10.884753408,0,22298624,True
816,2.606251264,1.346486272,0,26460160,True
817,3.917054464,3.076160768,0,5734400,True
819,0.3904888,0.332888384,0,9863168,True
820,500.818149376,223.637766144,0,28573696,True
821,31.373580288,23.642783744,0,10813440,True
822,5.019257344,3.801059584,0,4751360,True
823,0.853416832,0.936079808,0,10600448,False
824,0.0175075,0.050688332,0,1097728,False
826,647.766802432,449.517748224,0,24772608,True
827,2.206329856,1.031256768,0,10846208,True
828,82.373025792,14.654158848,0,21446656,True
829,22.317631488,5.795954688,0,15155200,True
833,20.94424064,2.378765312,0,5668864,True
835,8.056416256,8.839994368,0,2654208,False
836,1.814896512,0.693647552,0,5570560,True
837,3.74046848,1.971789056,0,13664256,True
838,101.977899008,13.059551232,0,10584064,True
839,0.4939848,0.262720208,0,6078464,True
842,17.472528384,8.439940096,0,22904832,True
843,0.411375744,0.432252416,0,7700480,False
844,0.027154584,0.028532832,0,966656,False
845,10.277450752,4.157110784,0,14073856,True
846,20.300711936,17.197156352,0,5865472,True
849,43.04812032,19.274133504,0,26951680,True
851,17.02066688,7.080192,0,16990208,True
852,2.894493184,1.76849024,0,15728640,True
853,17.709277184,5.02880768,0,21331968,True
855,0.097118336,0.109943168,0,2801664,False
857,0.010171125,0.012158833,0,1310720,False
858,9.266485248,2.411659264,0,19841024,True
859,0.039885248,0.03402754,0,2490368,True
860,32.110589952,6.79360768,0,9781248,True
861,0.008228708,0.010080333,0,0,False
862,13.814140928,4.205593088,0,11075584,True
863,0.755299968,0.319468736,0,5816320,True
864,0.788203968,0.183867664,0,5734400,True
865,30.177308672,27.590619136,0,10797056,True
866,0.0,0.0,0,0,False
867,13.951550464,5.161982976,0,13008896,True
868,0.829725376,0.44157136,0,4538368,True
870,147.687292928,21.002323968,0,29179904,True
871,27.564439552,18.220044288,0,20922368,True
872,14.37249024,3.242841856,0,14483456,True
873,14.967749632,50.248216576,0,15204352,False
874,2.032305536,0.8535088,0,10158080,True
877,0.018601166,0.022856832,0,278528,False
878,4.255845376,2.904298752,0,10485760,True
879,1.024013184,0.714229376,0,8617984,True
880,0.0,0.0,0,0,False
881,4.097461504,2.145803904,0,7766016,True
882,98.248769536,26.459203584,0,39370752,True
883,0.988444672,0.918412928,0,9568256,True
884,0.374012928,0.39140576,0,7536640,False
886,0.355006304,0.280526624,0,5160960,True
888,0.680949952,0.439559968,0,3227648,True
889,6.865899008,5.987555328,0,10747904,True
890,31.806619648,5.107669504,0,18677760,True
891,3.07209088,1.6408608,0,15482880,True
892,45.898502144,11.446567936,0,13631488,True
893,0.410488256,0.3389792,0,6160384,True
894,17.344458752,10.592279552,0,15581184,True
895,35.788599296,18.276358144,0,12271616,True
896,8.407401984,4.9841024,0,9388032,True
897,18.998704128,10.479863808,0,18333696,True
900,0.0,0.0,0,0,False
901,1.68593792,2.542232064,0,1916928,False
902,167.379206144,44.663443456,0,56098816,True
903,0.0,0.0,0,0,False
905,0.0,0.0,0,0,False
906,0.0,0.0,0,0,False
908,0.0,0.0,0,0,False
909,0.0,0.0,0,0,False
910,0.479762112,0.536683904,0,6914048,False
911,7.233734144,3.479526656,0,15597568,True
912,1.680180224,0.680439552,0,6324224,True
915,0.418638112,0.216669088,0,6193152,True
918,0.117903376,0.114384664,0,4456448,True
919,1.66395328,0.594672512,0,3850240,True
921,0.060917416,0.074709872,0,1736704,False
922,0.0,0.0,0,0,False
923,0.0,0.0,0,0,False
924,0.465160448,0.519708,0,3325952,False
925,0.573780096,0.448778304,0,9453568,True
926,0.0,0.0,0,0,False
927,0.044541376,0.094687664,0,1294336,False
928,7.56322304,2.723238656,0,13778944,True
931,0.205595376,0.115648664,0,3735552,True
932,1.05706144,0.853121472,0,3735552,True
933,0.0,0.0,0,0,False
934,3.079417856,1.1232384,0,5554176,True
935,3620.935041024,390.357680128,0,70483968,True
936,39.876427776,6.994797568,0,39698432,True
937,213.128118272,52.035080192,0,36716544,True
938,0.0,0.0,0,0,False
939,3.893726464,4.307383296,0,2736128,False
940,1.703859584,0.519495136,0,4374528,True
941,3.454348544,2.070777984,0,6537216,True
942,0.636085504,0.803894528,0,5849088,False
943,0.0,0.0,0,0,False
944,13.29605632,4.683086336,0,11567104,True
945,77.623599104,24.37881856,0,65781760,True
946,0.063043292,0.029116876,0,0,True
947,0.0,0.0,0,0,False
948,1044.839923712,309.40430336,0,45498368,True
951,0.016710166,0.028379124,0,589824,False
952,0.0,0.0,0,0,False
956,0.014556208,0.009360833,0,0,True
959,1.558877952,0.540258304,0,8470528,True
960,0.240916464,0.26877408,0,8208384,False
961,13.62641408,3.043874304,0,3604480,True
962,0.502323424,0.521190496,0,3440640,False
963,10.403401728,7.353181184,17,12910592,True
964,0.0,0.0,0,0,False
965,32.321959936,11.170266112,0,16285696,True
966,0.0,0.0,0,0,False
967,0.0,0.0,0,0,False
968,1.359697408,0.986418176,0,10878976,True
969,0.0,0.0,0,0,False
970,10.115074048,5.565349888,0,21479424,True
971,1.787728,0.758870336,0,4931584,True
972,0.0,0.0,0,0,False
973,0.0,0.0,0,0,False
974,0.742965696,0.657376064,0,5013504,True
975,0.0,0.0,0,0,False
976,0.0,0.0,0,0,False
981,0.0,0.0,0,0,False
983,0.215785536,0.201151328,0,4669440,True
989,0.0,0.0,0,0,False
1047,0.0,0.0,0,0,False
1049,0.3962312,0.187514288,0,4620288,True
1058,27.072212992,16.119712768,0,9224192,True
1059,0.799565056,0.69918528,0,6750208,True
1060,364.44422144,164.703977472,0,22102016,True
1061,2.506523136,1.35331008,0,17645568,True
1062,0.0,0.0,0,0,False
1063,0.656333952,0.725211968,0,8994816,False
1065,0.026370166,0.046171332,0,1327104,False
1066,1.524938624,0.634467072,0,7061504,True
1067,50.855194624,23.257464832,0,8388608,True
1068,10.914473984,3.405219072,0,16252928,True
1069,0.701242176,0.461844096,0,1654784,True
1071,0.0,0.0,0,0,False
1072,0.023291958,0.023471,0,2015232,False
1073,0.075966792,0.068787208,0,1671168,True
1074,6.370893312,3.357772288,0,27213824,True
1075,0.0,0.0,0,0,False
1078,0.0,0.0,0,0,False
1080,75.023245312,12.857321472,0,22462464,True
1081,0.189143424,1.639008128,0,163840,False
1082,0.0,0.0,0,0,False
1083,1.837142784,0.159198368,0,245760,True
1084,3.033216,3.03162624,0,10354688,True
1086,0.0,0.0,0,0,False
1087,14.809432064,7.307613184,0,14811136,True
1088,1.69750912,0.563351488,0,6750208,True
1090,27.688865792,6.766454272,0,38027264,True
1091,0.500830528,0.2924768,0,7979008,True
1092,3.024262144,3.122750976,0,10108928,False
1093,227.946774528,125.163208704,0,22495232,True
1094,15.544715264,3.945178112,0,16580608,True
1095,4.404306944,2.599960576,0,11943936,True
1098,0.0,0.0,0,0,False
1102,0.0,0.0,0,0,False
1103,0.0,0.0,0,0,False
1105,0.0,0.0,0,0,False
1106,0.0,0.0,0,0,False
1108,0.166466672,0.154583872,0,3620864,True
1110,0.672139904,0.568012224,0,6815744,True
1111,0.855848512,2.919373568,0,2506752,False
1112,1.857642112,5.243004416,0,3522560,False
1113,8.209447424,8.308519424,0,7110656,False
1114,64.862253056,29.172404224,0,28393472,True
1115,0.221654256,0.118274336,0,1785856,True
1116,1.990503552,1.219768576,0,8683520,True
1117,0.179276288,0.208990784,0,5701632,False
1118,3.73905152,1.693154432,0,9256960,True
1119,0.044732292,0.014811375,0,245760,True
1120,0.051894416,0.014901291,0,245760,True
1121,24.626481152,8.915714048,0,10338304,True
1122,0.060394752,0.030841792,0,1196032,True
1127,148.388397056,27.809255424,0,7094272,True
1128,0.681652608,0.185431536,0,1327104,True
1129,0.601908992,0.177818464,0,1327104,True
1130,0.75064256,0.403232928,0,1081344,True
1131,7.163767808,3.292578304,0,13697024,True
1132,1.189996416,1.906432,0,2981888,False
1133,4.615489536,3.277019904,0,8093696,True
1136,34.385014784,5.31468288,0,7307264,True
1137,1.27115136,0.537911296,0,5406720,True
1140,33.739495424,7.049265664,0,12337152,True
1143,43.957661696,3.318952704,0,10993664,True
1145,2.192916224,1.674354816,0,245760,True
1147,0.017207584,0.026168792,0,245760,False
1148,0.0,0.0,0,0,False
1150,0.009928166,0.006789833,0,0,True
1151,2.306305536,1.391904512,0,3915776,True
1153,0.025101124,0.015773666,0,0,True
1156,0.01527575,0.00807875,0,0,True
1161,0.264925328,0.051236292,0,0,True
1164,0.0,0.0,0,0,False
1170,13.65255168,1.569738496,0,5701632,True
1172,6.918888448,0.387430304,0,12484608,True
1173,0.0,0.0,0,0,False
1174,171.28947712,26.244491264,0,35520512,True
1175,7.31511296,0.275867872,0,11665408,True
1178,4.662022144,1.05915744,0,9355264,True
1181,0.606428544,0.300021632,0,6209536,True
1183,0.059383752,0.145466672,0,126976,False
1185,0.015585833,0.010148833,0,0,True
1186,0.017086084,0.007830208,0,0,True
1187,0.036450168,0.010534291,0,0,True
1188,0.038576376,0.012814708,0,0,True
1189,0.012178208,0.007674,0,0,True
1190,0.015164458,0.003445833,0,0,True
1191,0.015293791,0.003566375,0,0,True
1192,0.015377291,0.003088166,0,0,True
1193,0.015030458,0.0031375,0,0,True
1194,0.014985458,0.003121791,0,0,True
1195,0.067204792,0.032580166,0,278528,True
1196,0.066783084,0.030423,0,278528,True
1197,0.624127424,0.252929168,0,5849088,True
1198,0.014968708,0.002886583,0,0,True
1199,0.0,0.0,0,0,False
1200,47.958810624,14.933178368,0,17776640,True
1201,0.085194288,0.067621832,0,1507328,True
1204,0.312893632,0.055959792,0,0,True
1205,0.008347583,0.004511333,0,0,True
1206,0.080931664,0.060592084,0,0,True
1207,0.06189654,0.0110685,0,0,True
1209,0.029781666,0.01148075,0,0,True
1211,0.095856168,0.044835416,0,32768,True
1212,0.773348864,0.101054,0,0,True
1213,0.02341,0.012734291,0,0,True
1214,0.021585376,0.008019166,0,0,True
1216,0.257851424,0.046630416,0,0,True
1217,0.03408396,0.008536666,0,0,True
1219,0.072688128,0.014029916,0,0,True
1220,0.062178832,0.012729375,0,0,True
1224,0.554905664,0.129867664,0,13910016,True
1230,0.074443168,0.020782124,0,0,True
1231,0.0,0.0,0,0,False
1236,1.407737856,3.865929472,0,2457600,False
1238,0.036795752,0.010441791,0,0,True
1239,0.024694332,0.007699541,0,0,True
1240,0.01866875,0.006813375,0,0,True
1241,0.026890832,0.010443625,0,0,True
1242,0.039052876,0.012480916,0,0,True
1244,4.841788928,1.379956224,0,0,True
1245,0.009390875,0.008410791,0,540672,True
1247,0.57052928,0.065857876,0,1294336,True
1248,0.15844896,0.029480416,0,245760,True
1249,0.540343168,0.205326576,0,7880704,True
1250,0.0,0.0,0,0,False
1254,0.938419648,1.178194944,0,7716864,False
1255,0.0,0.0,0,0,False
1264,18.2554624,9.652051968,0,28688384,True
1265,1.271331712,0.63092832,0,4849664,True
1266,113.122811904,58.187608064,0,115146752,True
1269,0.00964625,0.005471708,0,0,True
1270,0.150503792,0.068642912,0,1196032,True
1271,3.66206464,1.41876992,0,57688064,True
1272,0.0,0.0,0,0,False
1273,1.192812032,0.331523072,0,1572864,True
1276,0.564376512,0.142597168,0,7372800,True
1277,0.0,0.0,0,0,False
1278,0.0,0.0,0,0,False
1279,0.0,0.0,0,0,False
1280,14.043090944,5.302847488,0,20971520,True
1281,2.596670464,1.13092288,0,6258688,True
1282,5.52756736,1.640335872,0,19677184,True
1283,0.008788375,0.010356375,0,589824,False
1284,0.019929958,0.010547916,0,2080768,True
1285,6.294992896,1.085643392,0,6258688,True
1286,0.043697584,0.021134876,0,4063232,True
1288,122.831085568,16.772496384,0,220725248,True
1289,0.0,0.0,0,0,False
1290,0.177868256,0.160352048,0,5259264,True
1294,1.16502016,0.59015136,0,7471104,True
1301,0.901924352,0.626897856,0,9191424,True
1302,22.194835456,4.654088704,0,10878976,True
1307,0.130457752,0.077870168,0,1015808,True
1310,0.067059292,0.060747792,0,1769472,True
1316,0.130942792,0.296655264,0,638976,False
1321,16.497506304,9.710024704,0,8699904,True
1322,0.207051872,0.31329472,0,1622016,False
1325,0.725903808,1.904257408,0,1622016,False
1328,1.263639808,0.505955776,0,4472832,True
1330,2.506721792,1.058222848,0,12173312,True
1336,1.278369664,0.711355712,0,6029312,True
1339,3.101267456,1.398813952,0,9273344,True
1341,0.007010208,0.007395333,0,688128,False
1344,2.2791552,3.4809728,0,8470528,False
1352,0.055762084,0.052311416,0,1064960,True
1364,19.425693696,11.478759424,0,14041088,True
1368,5.128979456,4.673063424,0,11649024,True
1372,0.0,0.0,0,0,False
1380,0.186752912,0.170195744,0,8159232,True
1381,2.306518528,0.807331904,0,12304384,True
1383,0.0,0.0,0,0,False
1385,0.028639876,0.014084625,0,1114112,True
1390,2.084788352,1.36688704,0,11485184,True
1405,0.012163791,0.015003916,0,458752,False
1406,0.0,0.0,0,0,False
1407,0.049055664,0.023990792,0,393216,True
1408,0.736850432,0.924904448,0,7045120,False
1409,0.0,0.0,0,0,False
1410,0.0,0.0,0,0,False
1412,0.0,0.0,0,0,False
1414,0.0,0.0,0,0,False
1416,0.0,0.0,0,0,False
1417,0.0,0.0,0,0,False
1418,1.87181184,0.713470272,0,5292032,True
1420,0.0,0.0,0,0,False
1421,0.0,0.0,0,0,False
1422,0.0,0.0,0,0,False
1423,0.0,0.0,0,0,False
1425,0.063546292,0.014161833,0,0,True
1428,0.0,0.0,0,0,False
1429,0.114477664,0.106283664,0,2408448,True
1435,0.0,0.0,0,0,False
1496,1.056232512,0.766164416,0,9355264,True
1498,5.32621824,3.08580352,0,8306688,True
1507,862.352441344,397.133512704,0,6176768,True
1564,35.552256,12.06436352,0,26607616,True
1567,4.37773824,1.01629952,0,7602176,True
1568,0.837780736,0.519428736,0,11190272,True
1595,1.988540288,0.842315904,0,5931008,True
1596,0.0,0.0,0,0,False
1597,0.087780624,0.02396554,0,0,True
1603,0.0,0.0,0,0,False
1604,0.0,0.0,0,0,False
1605,0.0,0.0,0,0,False
1607,0.033770456,0.0364545,0,0,False
1608,4.990635008,0.385281216,0,5275648,True
1611,0.455931904,0.230967456,0,8192000,True
1612,0.0,0.0,0,0,False
1613,0.0,0.0,0,0,False
1614,0.0,0.0,0,0,False
1617,0.050551,0.049951292,0,671744,True
1618,0.548826752,0.40430528,0,7651328,True
1625,1.354364672,2.388918272,0,5275648,False
1633,5.334339072,2.923495168,0,6963200,True
1730,67.445481472,53.527687168,0,16318464,True
1731,0.25536296,0.236497504,0,2326528,True
1733,0.0,0.0,0,0,False
1735,0.0,0.0,0,0,False
1746,50.974203904,5.718984704,0,12419072,True
1752,1.271448192,2.529221632,0,4194304,False
1760,0.695277888,1.943712384,0,1966080,False
1858,0.0,0.0,0,0,False
1860,0.30453312,0.321524,0,2981888,False
1861,0.053814916,0.031098624,0,1556480,True
1862,0.0,0.0,0,0,False
1867,0.079607288,0.041401416,0,3997696,True
1921,0.959654336,0.157781376,0,4227072,True
1922,0.056392664,0.016174083,0,0,True
1923,0.052716124,0.054756,0,3227648,False
1924,0.058979584,0.054111332,0,3506176,True
1925,0.069915544,0.057270084,0,3145728,True
1926,0.043156208,0.044392792,0,3358720,False
1941,1022.914985984,676.400922624,0,27082752,True
1944,3.06441216,1.92848128,0,12615680,True
1945,0.17347496,0.126644248,0,3604480,True
1948,0.021307876,0.026080916,0,491520,False
1949,0.039554752,0.054469248,0,2686976,False
1957,0.019214624,0.009040916,0,327680,True
1958,0.018861124,0.00962875,0,327680,True
1960,0.0,0.0,0,0,False
1966,2.727934464,0.683387456,0,9240576,True
1967,0.017106124,0.007418041,0,327680,True
1968,0.017202292,0.008287916,0,327680,True
1969,0.536635008,0.325038528,0,5619712,True
1970,1.090884864,0.191562496,0,7929856,True
1989,38.83577344,10.253251584,0,45826048,True
1997,0.700565632,0.089958168,0,8224768,True
1998,0.09563608,0.11262396,0,8732672,False
2001,0.012904125,0.017877792,0,458752,False
2002,0.006716916,0.008376458,0,311296,False
2005,0.433850464,0.336608992,0,5079040,True
2023,0.0,0.0,0,0,False
2029,9.1163136,2.203535872,0,48840704,True
2030,0.047922292,0.0247845,0,1392640,True
2056,0.0402795,0.0115715,0,0,True
2057,0.907186432,0.942687552,0,0,False
2058,7.545251328,19.46714112,0,1605632,False
2084,0.24575992,0.281364544,0,1441792,False
2086,237.74748672,188.881502208,0,11681792,True
3075,0.186995712,0.083118288,0,14467072,True
3076,0.03382854,0.006142166,0,0,True
3138,0.0,0.0,0,0,False
3283,724.243775488,612.684726272,0,24576000,True
3285,0.04494754,0.016106333,0,0,True
3286,127.385116672,143.596879872,0,8372224,False
3287,187.056603136,256.208535552,0,12075008,False
3325,0.323233632,0.119407664,0,11239424,True
3326,0.594968576,0.308401824,0,18989056,True
3327,0.722863488,0.307204288,0,16072704,True
3330,0.042400168,0.011627833,0,0,True
3333,0.04393296,0.018592876,0,327680,True
3334,0.043467168,0.02007125,0,327680,True
3338,255.131205632,70.606266368,0,31113216,True
4161,0.0,0.0,0,0,False
4728,34.917687296,5.096344064,0,44236800,True
4747,0.0,0.0,0,0,False
4785,0.063753752,0.019076332,0,327680,True
4786,0.055691792,0.015613666,0,327680,True
7701,3.2386112,2.840414208,0,5095424,True
7706,0.0,0.0,0,0,False
7709,0.0,0.0,0,0,False
7710,0.0,0.0,0,0,False
7720,0.0,0.0,0,0,False
7721,0.0,0.0,0,0,False
7773,0.124901504,0.118911752,0,1327104,True
7780,0.178467424,0.143202544,0,6881280,True
7789,2.032291328,0.750834816,0,6094848,True
7792,0.0,0.0,0,0,False
7794,0.261696208,0.417313664,0,1867776,False
7796,27.149514752,60.543983616,0,3670016,False
7804,0.336965408,0.132515752,0,0,True
7806,0.41783168,0.24898792,0,0,True
7807,0.370195968,0.079869248,0,5046272,True
8038,0.01712075,0.021081708,0,1196032,False
8096,0.420211744,0.046513168,0,327680,True
8098,0.138680288,0.031579124,0,327680,True
8128,0.013524208,0.017643292,0,1851392,False
8339,0.018179916,0.028528832,0,3358720,False
8362,0.011457708,0.00901675,0,0,True
8363,0.744301824,0.275817216,0,5636096,True
8387,0.059578792,0.086954336,0,2572288,False
8951,0.082701456,0.066897292,0,6340608,True
9100,0.0,0.0,0,0,False
9101,0.0,0.0,0,0,False
9318,2.9462528,1.047278144,0,6291456,True
9320,0.0,0.0,0,0,False
9321,0.040664208,0.019642584,0,1032192,True
9332,1.933772288,0.731249984,0,8716288,True
9735,0.0,0.0,0,0,False
9736,0.080304624,0.093630584,0,4587520,False
9737,0.037069792,0.047411248,0,3031040,False
9742,0.0,0.0,0,0,False
9748,472.026939392,138.291871744,0,4685824,True
9749,12.864130048,34.926342144,0,770048,False
9966,0.0,0.0,0,0,False
9967,0.0,0.0,0,0,False
9997,0.287689248,0.17514688,0,1982464,True
10155,0.460933632,0.448697376,0,3506176,True
10434,0.0,0.0,0,0,False
10439,1.318623104,0.605634176,0,19546112,True
10448,0.039829084,0.054172208,0,1179648,False
10889,0.0,0.0,0,0,False
12077,0.0,0.0,0,0,False
12298,4.202687488,1.394639872,0,11943936,True
12333,0.0,0.0,0,0,False
12371,0.0,0.0,0,0,False
12372,0.0,0.0,0,0,False
12373,0.0,0.0,0,0,False
12374,0.0,0.0,0,0,False
12509,0.19273392,0.067716416,0,4849664,True
12515,0.391757152,0.338667552,0,10076160,True
12516,0.052301792,0.042143664,0,7012352,True
12517,0.07383396,0.045294876,0,5996544,True
12518,1.807773824,0.8455904,0,43778048,True
12520,0.078468792,0.059736584,0,704512,True
12521,0.045178416,0.018232376,0,5783552,True
12522,0.040314664,0.012685791,0,3948544,True
12523,0.202884544,0.070063664,0,4849664,True
12525,0.036889332,0.009425916,0,3817472,True
12526,0.048318456,0.017361708,0,5832704,True
12530,0.038984208,0.012061583,0,4014080,True
12531,0.039408792,0.011064916,0,3784704,True
12532,0.036671208,0.010585125,0,3801088,True
12533,0.060135916,0.027523376,0,6012928,True
12534,0.0469645,0.017779958,0,3899392,True
12535,0.0502935,0.01990054,0,6094848,True
12536,0.0,0.0,0,0,False
12556,0.0,0.0,0,0,False
12560,0.0,0.0,0,0,False
12574,0.0,0.0,0,0,False
12580,0.0,0.0,0,0,False
12581,0.0,0.0,0,0,False
12583,0.109108288,0.077612376,0,12681216,True
12680,0.0,0.0,0,0,False
12688,0.099472704,0.095260752,0,7258112,True
12689,0.445282368,0.143318368,0,7471104,True
12690,0.348485696,0.263153456,0,11337728,True
12691,0.0,0.0,0,0,False
12705,0.0,0.0,0,0,False
12706,0.0,0.0,0,0,False
12707,0.0,0.0,0,0,False
12712,0.0,0.0,0,0,False
12713,0.0,0.0,0,0,False
12719,0.0,0.0,0,0,False
12720,0.0,0.0,0,0,False
12721,0.0,0.0,0,0,False
12903,0.0,0.0,0,0,False
16387,5.119345152,2.4343488,0,36388864,True
16389,0.0,0.0,0,0,False
16390,0.103724496,0.068429504,0,7454720,True
16449,0.030074832,0.012788416,0,5013504,True
29756,4.691221504,0.836870528,0,8486912,True
29797,1.124240128,0.453223328,0,22216704,True
30418,0.0,0.0,0,0,False
30493,0.0,0.0,0,0,False
30494,0.0,0.0,0,0,False
30520,0.0,0.0,0,0,False
30571,0.0,0.0,0,0,False
30676,0.087561456,0.05076596,0,7454720,True
30799,0.61970368,0.284796384,0,7323648,True
30948,5.130150912,1.524639872,0,10649600,True
31010,430.16175616,161.037959168,0,67059712,True
31091,1.322567552,0.12067004,0,3866624,True
31092,0.225233376,0.0356255,0,3817472,True
31104,5.113289216,6.023236608,0,6307840,False
31224,0.048356208,0.0235045,0,3670016,True
31225,0.04641804,0.013715541,0,2523136,True
31234,0.0,0.0,0,0,False
31238,2.23766656,3.12086272,0,4145152,False
31676,0.713255808,0.245219952,0,23101440,True
31896,20.89454592,8.399999488,0,124452864,True
31903,0.036791832,0.012796916,0,8388608,True
31905,0.0156775,0.005706166,0,3473408,True
31926,553.937076224,205.24449792,0,316407808,True
31930,0.012063625,0.02708375,0,3538944,False
31932,0.002350541,0.001315041,0,1982464,True
31936,417.26885888,230.658588672,0,317128704,True
31937,48.985903104,26.634489856,0,102465536,True
31938,1.629031808,0.64454752,0,55934976,True
31941,9.335616512,0.422223264,0,58490880,True
31952,3.573037056,0.127200336,0,52084736,True
32007,0.079573336,0.03343725,0,8552448,True
34199,0.036741416,0.03211825,0,20545536,True
34206,1.52583744,0.628945408,0,49807360,True
34207,2.204313344,0.801201344,0,58818560,True
34218,0.06754392,0.08029996,0,8323072,False
34723,0.136543872,0.079923,0,7208960,True
34845,1.85525696,1.044881984,0,58818560,True
34846,0.534178624,0.227295328,0,11665408,True
34972,0.0,0.0,0,0,False
35017,0.573211392,0.24965696,0,17825792,True
35044,21.649629184,7.407356928,0,163627008,True
35047,0.239116288,0.164583088,0,13008896,True
35076,1.198411008,0.463339872,0,41762816,True
35083,2.122752,1.077810048,0,66240512,True
35084,0.5918368,0.261843712,0,11599872,True
35085,0.029814,0.008998666,0,3833856,True
35086,0.022657332,0.007274666,0,3473408,True
35296,308.614070272,95.831949312,0,372277248,True
35298,0.009408958,0.016913084,0,3244032,False
35302,779.228413952,381.094494208,0,153305088,True
35303,59.8444032,49.646948352,0,107642880,True
35305,2.812068864,1.24616,0,59899904,True
35307,14.741496832,1.980039424,0,165265408,True
35312,0.472181248,0.154653248,0,111591424,True
35314,64.978382848,18.663839744,0,62947328,True
35315,108.28406784,48.618242048,0,119275520,True
35316,0.0358275,0.031740376,0,20627456,True
35320,3.440491264,0.407304,0,150732800,True
35327,1155.734175744,117.136621568,0,733315072,True
35329,3.287921664,0.369338336,0,147767296,True
35330,0.014971833,0.003547291,0,2523136,True
35331,0.0448055,0.02105004,0,5210112,True
35332,129.715748864,12.724324352,0,189104128,True
35339,13.775848448,0.72151008,0,69894144,True
35467,1.815699584,1.002294016,0,59817984,True
35468,0.533562752,0.221932624,0,14106624,True
35491,30.565246976,2.969510144,0,205078528,True
35495,2.552544512,0.129500584,0,16482304,True
35496,0.798922944,0.033298208,0,16318464,True
35502,6.337907712,0.74694176,0,155254784,True
35503,1.991883392,0.282879008,0,124813312,True
35504,2.8920384,0.326685664,0,124305408,True
35505,2.97623936,0.323767712,0,128745472,True
35544,20.645359616,28.480768,0,9502720,False
35651,16.86897152,1.732680832,0,175505408,True
36049,3.56637568,0.42205824,0,66682880,True
36090,0.098646208,0.074537208,0,6488064,True
36393,0.018988584,0.012475041,0,6914048,True
36966,20.768647168,6.839888384,0,146538496,True
36968,0.008467541,0.030227876,0,3964928,False
36969,10.847318016,4.750539264,0,42696704,True
36970,1.771556608,0.915428352,0,26607616,True
36971,0.030375292,0.017244832,0,5799936,True
36972,39.199657984,3.631137536,0,172097536,True
36993,10.458537984,2.720462592,0,74612736,True
37007,4.977074688,1.993958528,0,77955072,True
37008,0.301902592,0.134594288,0,14024704,True
37013,0.016013458,0.00609175,0,3473408,True
37014,0.015686666,0.005955375,0,3473408,True
37015,1.14393344,0.444464992,0,38158336,True
37016,9.012656128,2.4123712,0,75939840,True
37019,0.266548784,0.055175376,0,4046848,True
37035,0.31422896,0.14196304,0,14450688,True
37037,0.016039,0.00655925,0,3473408,True
37039,10.295307264,21.333356544,0,37486592,False
37041,1.069118656,0.356929888,0,31457280,True
37042,0.003618791,0.006548916,0,1261568,False
37044,8.903395328,1.017869824,0,46301184,True
37058,6.91711232,4.194268416,0,14090240,True
37084,0.136282672,0.034949624,0,16023552,True
37085,0.032952876,0.008337875,0,3817472,True
37120,0.253826464,0.206593504,0,15990784,True
37134,8.814253056,0.743044288,0,51904512,True
37135,0.021658332,0.009273041,0,4669440,True
37136,1.05790944,0.3374208,0,43040768,True
37137,107.546738688,4.842433536,0,101974016,True
37139,0.623450048,0.254688128,0,26378240,True
37140,0.299063136,0.127486752,0,16367616,True
37141,0.291530496,0.125948912,0,17301504,True
37142,0.316378496,0.133897248,0,17252352,True
37143,0.323844736,0.136855584,0,17645568,True
37166,50.844213248,7.843800064,0,273317888,True
37188,0.0,0.0,0,0,False
37189,0.01003225,0.01731304,0,1392640,False
37829,0.984703232,0.355358208,0,31768576,True
37936,2.32470784,0.559876928,0,134299648,True
37942,5.275401216,0.673247808,0,59228160,True
37962,15.34130688,3.607985664,0,57638912,True
37969,111.837323264,13.57568,0,472547328,True
37974,3.33031424,2.288230912,0,180568064,True
38306,532.324581376,79.709872128,0,244940800,True
38391,28.480028672,8.866997248,0,227672064,True
38496,13.338105856,1.968996864,0,159154176,True
38509,38.045868032,5.035751936,0,200310784,True
38520,27.275055104,2.765147136,0,205127680,True
39022,0.03400054,0.050764332,0,4472832,False
39023,0.0,0.0,20,0,False
39060,0.398825056,0.483191264,0,8404992,False
39142,0.90247968,0.137218784,0,145620992,True
39173,0.121098208,0.05944704,0,17104896,True
39174,0.263174048,0.138111584,0,14450688,True
39244,1.715455616,0.450776928,0,127303680,True
39272,112.072851456,9.960142848,0,326991872,True
39292,285.060268032,39.689150464,0,394215424,True
39298,0.045043292,0.030097584,0,14008320,True
39346,0.0,0.0,0,0,False
39347,0.011664625,0.02400675,0,3751936,False
39385,0.051039792,0.027024584,0,51249152,True
39388,10.757097472,1.341951488,0,252592128,True
39391,1.949095936,0.26719504,0,167854080,True
39416,0.17356792,0.083862248,0,100925440,True
39429,0.076399,0.036000416,0,103989248,True
39432,0.836365312,0.141188256,0,164642816,True
39433,5.823200256,0.877913024,0,205291520,True
39436,0.04005304,0.023342292,0,67026944,True
39459,0.110063376,0.063828832,0,27557888,True
39460,0.094060624,0.049727752,0,28704768,True
39463,0.086208376,0.045043664,0,9289728,True
39464,0.103725544,0.047933248,0,129384448,True
39465,0.178257632,0.048779332,0,154992640,True
39466,0.044802416,0.032255166,0,89882624,True
